{"homebrew_version":"2.5.10-18-ge945b1c","used_options":[],"unused_options":[],"built_as_bottle":true,"poured_from_bottle":true,"installed_as_dependency":false,"installed_on_request":true,"changed_files":["lib/pkgconfig/gnutls-dane.pc","lib/pkgconfig/gnutls.pc","share/guile/site/3.0/gnutls.scm"],"time":1607930238,"source_modified_time":1599203242,"HEAD":null,"stdlib":"libcxx","compiler":"clang","aliases":[],"runtime_dependencies":[{"full_name":"gmp","version":"6.2.1"},{"full_name":"bdw-gc","version":"8.0.4"},{"full_name":"libffi","version":"3.3"},{"full_name":"libtool","version":"2.4.6"},{"full_name":"libunistring","version":"0.9.10"},{"full_name":"pkg-config","version":"0.29.2"},{"full_name":"readline","version":"8.1"},{"full_name":"guile","version":"3.0.4"},{"full_name":"gettext","version":"0.21"},{"full_name":"libidn2","version":"2.3.0"},{"full_name":"libtasn1","version":"4.16.0"},{"full_name":"nettle","version":"3.6"},{"full_name":"p11-kit","version":"0.23.22"},{"full_name":"openssl@1.1","version":"1.1.1i"},{"full_name":"libevent","version":"2.1.12"},{"full_name":"c-ares","version":"1.17.1"},{"full_name":"jemalloc","version":"5.2.1"},{"full_name":"libev","version":"4.33"},{"full_name":"nghttp2","version":"1.42.0"},{"full_name":"unbound","version":"1.13.0"}],"source":{"path":"/usr/local/Homebrew/Library/Taps/homebrew/homebrew-core/Formula/gnutls.rb","tap":"homebrew/core","spec":"stable","versions":{"stable":"3.6.15","head":"","version_scheme":0}},"arch":"x86_64","built_on":{"os":"Macintosh","os_version":"macOS 11.0.1","cpu_family":"penryn","xcode":"12.2","clt":"12.2.0.0.1.1604076827"}}