{"homebrew_version":"2.5.10-18-ge945b1c","used_options":[],"unused_options":[],"built_as_bottle":true,"poured_from_bottle":true,"installed_as_dependency":true,"installed_on_request":false,"changed_files":["lib/pkgconfig/bdw-gc.pc","share/doc/gc/README.autoconf","share/doc/gc/README.solaris2"],"time":1607930218,"source_modified_time":1551516947,"HEAD":null,"stdlib":"libcxx","compiler":"clang","aliases":["libgc","boehmgc"],"runtime_dependencies":[],"source":{"path":"/usr/local/Homebrew/Library/Taps/homebrew/homebrew-core/Formula/bdw-gc.rb","tap":"homebrew/core","spec":"stable","versions":{"stable":"8.0.4","head":"HEAD","version_scheme":0}},"arch":"x86_64","built_on":{"os":"Macintosh","os_version":"macOS 11.0.1","cpu_family":"penryn","xcode":"12.2","clt":"12.2.0.0.1.1604076827"}}