{"homebrew_version":"2.5.10-18-ge945b1c","used_options":[],"unused_options":[],"built_as_bottle":true,"poured_from_bottle":true,"installed_as_dependency":false,"installed_on_request":true,"changed_files":[".bottle/etc/wgetrc","ChangeLog","NEWS","README","share/man/man1/wget.1"],"time":1607930072,"source_modified_time":1554459031,"HEAD":null,"stdlib":null,"compiler":"clang","aliases":[],"runtime_dependencies":[{"full_name":"gettext","version":"0.21"},{"full_name":"libunistring","version":"0.9.10"},{"full_name":"libidn2","version":"2.3.0"},{"full_name":"openssl@1.1","version":"1.1.1i"}],"source":{"path":"/usr/local/Homebrew/Library/Taps/homebrew/homebrew-core/Formula/wget.rb","tap":"homebrew/core","spec":"stable","versions":{"stable":"1.20.3","head":"HEAD","version_scheme":0}},"arch":"x86_64","built_on":{"os":"Macintosh","os_version":"macOS 11.0.1","cpu_family":"penryn","xcode":"12.2","clt":"12.2.0.0.1.1604076827"}}