{"homebrew_version":"2.5.10-18-ge945b1c","used_options":[],"unused_options":[],"built_as_bottle":true,"poured_from_bottle":true,"installed_as_dependency":true,"installed_on_request":false,"changed_files":["bin/freetype-config","ChangeLog","lib/pkgconfig/freetype2.pc"],"time":1607929991,"source_modified_time":1603170901,"HEAD":null,"stdlib":null,"compiler":"clang","aliases":["freetype2"],"runtime_dependencies":[{"full_name":"libpng","version":"1.6.37"}],"source":{"path":"/usr/local/Homebrew/Library/Taps/homebrew/homebrew-core/Formula/freetype.rb","tap":"homebrew/core","spec":"stable","versions":{"stable":"2.10.4","head":"","version_scheme":0}},"arch":"x86_64","built_on":{"os":"Macintosh","os_version":"macOS 11.0.1","cpu_family":"penryn","xcode":"12.2","clt":"12.2.0.0.1.1604076827"}}