{"homebrew_version":"2.5.10-20-gfd15352","used_options":[],"unused_options":[],"built_as_bottle":true,"poured_from_bottle":true,"installed_as_dependency":true,"installed_on_request":false,"changed_files":["bin/jemalloc-config","bin/jemalloc.sh","bin/jeprof","lib/pkgconfig/jemalloc.pc"],"time":1607930231,"source_modified_time":1565035857,"HEAD":null,"stdlib":"libcxx","compiler":"clang","aliases":[],"runtime_dependencies":[],"source":{"path":"/usr/local/Homebrew/Library/Taps/homebrew/homebrew-core/Formula/jemalloc.rb","tap":"homebrew/core","spec":"stable","versions":{"stable":"5.2.1","head":"HEAD","version_scheme":0}},"arch":"x86_64","built_on":{"os":"Macintosh","os_version":"macOS 11.0.1","cpu_family":"penryn","xcode":"12.2","clt":"12.2.0.0.1.1604076827"}}