{"homebrew_version":"2.6.0-106-gfa2f991","used_options":[],"unused_options":[],"built_as_bottle":true,"poured_from_bottle":true,"installed_as_dependency":true,"installed_on_request":false,"changed_files":["lib/pkgconfig/libnghttp2.pc","share/man/man1/nghttpx.1"],"time":1607930234,"source_modified_time":1606143568,"HEAD":null,"stdlib":null,"compiler":"clang","aliases":[],"runtime_dependencies":[{"full_name":"c-ares","version":"1.17.1"},{"full_name":"jemalloc","version":"5.2.1"},{"full_name":"libev","version":"4.33"},{"full_name":"openssl@1.1","version":"1.1.1i"}],"source":{"path":"/usr/local/Homebrew/Library/Taps/homebrew/homebrew-core/Formula/nghttp2.rb","tap":"homebrew/core","spec":"stable","versions":{"stable":"1.42.0","head":"HEAD","version_scheme":0}},"arch":"x86_64","built_on":{"os":"Macintosh","os_version":"macOS 11.0.1","cpu_family":"penryn","xcode":"12.2","clt":"12.2.0.0.1.1604076827"}}