{"homebrew_version":"2.6.1-41-ga6800dc","used_options":[],"unused_options":[],"built_as_bottle":true,"poured_from_bottle":true,"installed_as_dependency":true,"installed_on_request":false,"changed_files":[".bottle/etc/pkcs11/pkcs11.conf.example","lib/pkgconfig/p11-kit-1.pc"],"time":1607930227,"source_modified_time":1607709425,"HEAD":null,"stdlib":null,"compiler":"clang","aliases":[],"runtime_dependencies":[{"full_name":"libffi","version":"3.3"}],"source":{"path":"/usr/local/Homebrew/Library/Taps/homebrew/homebrew-core/Formula/p11-kit.rb","tap":"homebrew/core","spec":"stable","versions":{"stable":"0.23.22","head":"HEAD","version_scheme":0}},"arch":"x86_64","built_on":{"os":"Macintosh","os_version":"macOS 11.0.1","cpu_family":"penryn","xcode":"12.2","clt":"12.2.0.0.1.1604076827"}}