{"homebrew_version":"2.5.10-31-g63b03fb","used_options":[],"unused_options":[],"built_as_bottle":true,"poured_from_bottle":true,"installed_as_dependency":false,"installed_on_request":true,"changed_files":["lib/pkgconfig/nanomsg.pc"],"time":1607930147,"source_modified_time":1539611459,"HEAD":null,"stdlib":null,"compiler":"clang","aliases":[],"runtime_dependencies":[],"source":{"path":"/usr/local/Homebrew/Library/Taps/homebrew/homebrew-core/Formula/nanomsg.rb","tap":"homebrew/core","spec":"stable","versions":{"stable":"1.1.5","head":"HEAD","version_scheme":0}},"arch":"x86_64","built_on":{"os":"Macintosh","os_version":"macOS 11.0.1","cpu_family":"penryn","xcode":"12.2","clt":"12.2.0.0.1.1604076827"}}