{"homebrew_version":"2.6.0-171-gfa52eab","used_options":[],"unused_options":[],"built_as_bottle":true,"poured_from_bottle":true,"installed_as_dependency":true,"installed_on_request":false,"changed_files":["bin/c_rehash","CHANGES","lib/pkgconfig/libcrypto.pc","lib/pkgconfig/libssl.pc","lib/pkgconfig/openssl.pc","share/man/man1/ca.1ssl","share/man/man1/rehash.1ssl"],"time":1607930066,"source_modified_time":1607433659,"HEAD":null,"stdlib":null,"compiler":"clang","aliases":["openssl"],"runtime_dependencies":[],"source":{"path":"/usr/local/Homebrew/Library/Taps/homebrew/homebrew-core/Formula/openssl@1.1.rb","tap":"homebrew/core","spec":"stable","versions":{"stable":"1.1.1i","head":"","version_scheme":1}},"arch":"x86_64","built_on":{"os":"Macintosh","os_version":"macOS 11.0.1","cpu_family":"penryn","xcode":"12.2","clt":"12.2.0.0.1.1604076827"}}