{"homebrew_version":"2.5.10-22-g023df12","used_options":[],"unused_options":[],"built_as_bottle":true,"poured_from_bottle":true,"installed_as_dependency":false,"installed_on_request":true,"changed_files":["bin/GraphicsMagick++-config","bin/GraphicsMagick-config","bin/GraphicsMagickWand-config","lib/GraphicsMagick/config/type-ghostscript.mgk","lib/GraphicsMagick/modules-Q16/coders/art.la","lib/GraphicsMagick/modules-Q16/coders/avs.la","lib/GraphicsMagick/modules-Q16/coders/bmp.la","lib/GraphicsMagick/modules-Q16/coders/braille.la","lib/GraphicsMagick/modules-Q16/coders/cals.la","lib/GraphicsMagick/modules-Q16/coders/caption.la","lib/GraphicsMagick/modules-Q16/coders/cineon.la","lib/GraphicsMagick/modules-Q16/coders/cmyk.la","lib/GraphicsMagick/modules-Q16/coders/cut.la","lib/GraphicsMagick/modules-Q16/coders/dcm.la","lib/GraphicsMagick/modules-Q16/coders/dcraw.la","lib/GraphicsMagick/modules-Q16/coders/dib.la","lib/GraphicsMagick/modules-Q16/coders/dpx.la","lib/GraphicsMagick/modules-Q16/coders/ept.la","lib/GraphicsMagick/modules-Q16/coders/fax.la","lib/GraphicsMagick/modules-Q16/coders/fits.la","lib/GraphicsMagick/modules-Q16/coders/gif.la","lib/GraphicsMagick/modules-Q16/coders/gradient.la","lib/GraphicsMagick/modules-Q16/coders/gray.la","lib/GraphicsMagick/modules-Q16/coders/histogram.la","lib/GraphicsMagick/modules-Q16/coders/hrz.la","lib/GraphicsMagick/modules-Q16/coders/html.la","lib/GraphicsMagick/modules-Q16/coders/icon.la","lib/GraphicsMagick/modules-Q16/coders/identity.la","lib/GraphicsMagick/modules-Q16/coders/info.la","lib/GraphicsMagick/modules-Q16/coders/jnx.la","lib/GraphicsMagick/modules-Q16/coders/jp2.la","lib/GraphicsMagick/modules-Q16/coders/jpeg.la","lib/GraphicsMagick/modules-Q16/coders/label.la","lib/GraphicsMagick/modules-Q16/coders/locale.la","lib/GraphicsMagick/modules-Q16/coders/logo.la","lib/GraphicsMagick/modules-Q16/coders/mac.la","lib/GraphicsMagick/modules-Q16/coders/map.la","lib/GraphicsMagick/modules-Q16/coders/mat.la","lib/GraphicsMagick/modules-Q16/coders/matte.la","lib/GraphicsMagick/modules-Q16/coders/meta.la","lib/GraphicsMagick/modules-Q16/coders/miff.la","lib/GraphicsMagick/modules-Q16/coders/mono.la","lib/GraphicsMagick/modules-Q16/coders/mpc.la","lib/GraphicsMagick/modules-Q16/coders/mpeg.la","lib/GraphicsMagick/modules-Q16/coders/mpr.la","lib/GraphicsMagick/modules-Q16/coders/msl.la","lib/GraphicsMagick/modules-Q16/coders/mtv.la","lib/GraphicsMagick/modules-Q16/coders/mvg.la","lib/GraphicsMagick/modules-Q16/coders/null.la","lib/GraphicsMagick/modules-Q16/coders/otb.la","lib/GraphicsMagick/modules-Q16/coders/palm.la","lib/GraphicsMagick/modules-Q16/coders/pcd.la","lib/GraphicsMagick/modules-Q16/coders/pcl.la","lib/GraphicsMagick/modules-Q16/coders/pcx.la","lib/GraphicsMagick/modules-Q16/coders/pdb.la","lib/GraphicsMagick/modules-Q16/coders/pdf.la","lib/GraphicsMagick/modules-Q16/coders/pict.la","lib/GraphicsMagick/modules-Q16/coders/pix.la","lib/GraphicsMagick/modules-Q16/coders/plasma.la","lib/GraphicsMagick/modules-Q16/coders/png.la","lib/GraphicsMagick/modules-Q16/coders/pnm.la","lib/GraphicsMagick/modules-Q16/coders/preview.la","lib/GraphicsMagick/modules-Q16/coders/ps.la","lib/GraphicsMagick/modules-Q16/coders/ps2.la","lib/GraphicsMagick/modules-Q16/coders/ps3.la","lib/GraphicsMagick/modules-Q16/coders/pwp.la","lib/GraphicsMagick/modules-Q16/coders/rgb.la","lib/GraphicsMagick/modules-Q16/coders/rla.la","lib/GraphicsMagick/modules-Q16/coders/rle.la","lib/GraphicsMagick/modules-Q16/coders/sct.la","lib/GraphicsMagick/modules-Q16/coders/sfw.la","lib/GraphicsMagick/modules-Q16/coders/sgi.la","lib/GraphicsMagick/modules-Q16/coders/stegano.la","lib/GraphicsMagick/modules-Q16/coders/sun.la","lib/GraphicsMagick/modules-Q16/coders/svg.la","lib/GraphicsMagick/modules-Q16/coders/tga.la","lib/GraphicsMagick/modules-Q16/coders/tiff.la","lib/GraphicsMagick/modules-Q16/coders/tile.la","lib/GraphicsMagick/modules-Q16/coders/tim.la","lib/GraphicsMagick/modules-Q16/coders/topol.la","lib/GraphicsMagick/modules-Q16/coders/ttf.la","lib/GraphicsMagick/modules-Q16/coders/txt.la","lib/GraphicsMagick/modules-Q16/coders/uil.la","lib/GraphicsMagick/modules-Q16/coders/url.la","lib/GraphicsMagick/modules-Q16/coders/uyvy.la","lib/GraphicsMagick/modules-Q16/coders/vicar.la","lib/GraphicsMagick/modules-Q16/coders/vid.la","lib/GraphicsMagick/modules-Q16/coders/viff.la","lib/GraphicsMagick/modules-Q16/coders/wbmp.la","lib/GraphicsMagick/modules-Q16/coders/webp.la","lib/GraphicsMagick/modules-Q16/coders/wmf.la","lib/GraphicsMagick/modules-Q16/coders/wpg.la","lib/GraphicsMagick/modules-Q16/coders/xbm.la","lib/GraphicsMagick/modules-Q16/coders/xc.la","lib/GraphicsMagick/modules-Q16/coders/xcf.la","lib/GraphicsMagick/modules-Q16/coders/xpm.la","lib/GraphicsMagick/modules-Q16/coders/yuv.la","lib/GraphicsMagick/modules-Q16/filters/analyze.la","lib/libGraphicsMagick++.la","lib/libGraphicsMagick.la","lib/libGraphicsMagickWand.la","lib/pkgconfig/GraphicsMagick++.pc","lib/pkgconfig/GraphicsMagick.pc","lib/pkgconfig/GraphicsMagickWand.pc","share/doc/GraphicsMagick/ChangeLog.2008","share/man/man1/gm.1"],"time":1607930002,"source_modified_time":1582473274,"HEAD":null,"stdlib":"libcxx","compiler":"clang","aliases":[],"runtime_dependencies":[{"full_name":"libpng","version":"1.6.37"},{"full_name":"freetype","version":"2.10.4"},{"full_name":"jpeg","version":"9d"},{"full_name":"jasper","version":"2.0.23"},{"full_name":"libtiff","version":"4.1.0"},{"full_name":"libtool","version":"2.4.6"},{"full_name":"little-cms2","version":"2.11"},{"full_name":"webp","version":"1.1.0"}],"source":{"path":"/usr/local/Homebrew/Library/Taps/homebrew/homebrew-core/Formula/graphicsmagick.rb","tap":"homebrew/core","spec":"stable","versions":{"stable":"1.3.35","head":"HEAD","version_scheme":0}},"arch":"x86_64","built_on":{"os":"Macintosh","os_version":"macOS 11.0.1","cpu_family":"penryn","xcode":"12.2","clt":"12.2.0.0.1.1604076827"}}