{"body_in":"{\n    \"capabilities\": {\n      \"alwaysMatch\": {},\n      \"firstMatch\": [\n        {\n          \"arguments\": [],\n          \"bundleId\": \"com.apple.Preferences\",\n          \"environment\": {},\n          \"shouldUseSingletonTestManager\": true,\n          \"shouldUseTestManagerForVisibilityDetection\": false,\n          \"shouldWaitForQuiescence\": true\n        }\n      ]\n    }\n  }","level":"info","msg":"req start","time":"2021-01-15T10:41:04+05:30","type":"req.start","uri":"/session"}
{"body_out":"","level":"info","msg":"req done","time":"2021-01-15T10:41:07+05:30","type":"req.done","uri":"/session"}
{"body_in":"empty","level":"info","msg":"req start","time":"2021-01-15T10:41:07+05:30","type":"req.start","uri":"/session/D0DA3799-D570-4438-8831-5ABE65EC20DC/window/size"}
{"body_out":"","level":"info","msg":"req done","time":"2021-01-15T10:41:07+05:30","type":"req.done","uri":"/session/D0DA3799-D570-4438-8831-5ABE65EC20DC/window/size"}
{"body_in":"{\"dist\":4}","level":"info","msg":"req start","time":"2021-01-15T10:41:44+05:30","type":"req.start","uri":"/session/D0DA3799-D570-4438-8831-5ABE65EC20DC/wda/wheel"}
{"body_out":"","level":"info","msg":"req done","time":"2021-01-15T10:41:46+05:30","type":"req.done","uri":"/session/D0DA3799-D570-4438-8831-5ABE65EC20DC/wda/wheel"}
{"body_in":"{\"dist\":4}","level":"info","msg":"req start","time":"2021-01-15T10:41:48+05:30","type":"req.start","uri":"/session/D0DA3799-D570-4438-8831-5ABE65EC20DC/wda/wheel"}
{"body_out":"","level":"info","msg":"req done","time":"2021-01-15T10:41:49+05:30","type":"req.done","uri":"/session/D0DA3799-D570-4438-8831-5ABE65EC20DC/wda/wheel"}
{"body_in":"{\"dist\":-3}","level":"info","msg":"req start","time":"2021-01-15T10:41:51+05:30","type":"req.start","uri":"/session/D0DA3799-D570-4438-8831-5ABE65EC20DC/wda/wheel"}
{"body_out":"","level":"info","msg":"req done","time":"2021-01-15T10:41:54+05:30","type":"req.done","uri":"/session/D0DA3799-D570-4438-8831-5ABE65EC20DC/wda/wheel"}
{"body_in":"{\"dist\":-1}","level":"info","msg":"req start","time":"2021-01-15T10:41:55+05:30","type":"req.start","uri":"/session/D0DA3799-D570-4438-8831-5ABE65EC20DC/wda/wheel"}
{"body_in":"{\"actions\":[{\"action\":\"tap\",\"options\":{\"x\":77.34055817127228,\"y\":509.9132695198059}}]}","level":"info","msg":"req start","time":"2021-01-15T10:41:57+05:30","type":"req.start","uri":"/session/D0DA3799-D570-4438-8831-5ABE65EC20DC/wda/touch/perform"}
{"body_out":"","level":"info","msg":"req done","time":"2021-01-15T10:41:58+05:30","type":"req.done","uri":"/session/D0DA3799-D570-4438-8831-5ABE65EC20DC/wda/wheel"}
{"body_out":"","level":"info","msg":"req done","time":"2021-01-15T10:41:58+05:30","type":"req.done","uri":"/session/D0DA3799-D570-4438-8831-5ABE65EC20DC/wda/touch/perform"}
{"body_in":"{\"actions\":[{\"action\":\"tap\",\"options\":{\"x\":18.286014441400766,\"y\":34.06992968916893}}]}","level":"info","msg":"req start","time":"2021-01-15T10:42:01+05:30","type":"req.start","uri":"/session/D0DA3799-D570-4438-8831-5ABE65EC20DC/wda/touch/perform"}
{"body_out":"","level":"info","msg":"req done","time":"2021-01-15T10:42:01+05:30","type":"req.done","uri":"/session/D0DA3799-D570-4438-8831-5ABE65EC20DC/wda/touch/perform"}
{"body_in":"{\"actions\":[{\"action\":\"tap\",\"options\":{\"x\":0,\"y\":23.848951689898968}}]}","level":"info","msg":"req start","time":"2021-01-15T10:42:02+05:30","type":"req.start","uri":"/session/D0DA3799-D570-4438-8831-5ABE65EC20DC/wda/touch/perform"}
{"body_out":"","level":"info","msg":"req done","time":"2021-01-15T10:42:02+05:30","type":"req.done","uri":"/session/D0DA3799-D570-4438-8831-5ABE65EC20DC/wda/touch/perform"}
{"body_in":"{\"actions\":[{\"action\":\"tap\",\"options\":{\"x\":1.2510489905253053,\"y\":38.612587586045265}}]}","level":"info","msg":"req start","time":"2021-01-15T10:42:04+05:30","type":"req.start","uri":"/session/D0DA3799-D570-4438-8831-5ABE65EC20DC/wda/touch/perform"}
{"body_out":"","level":"info","msg":"req done","time":"2021-01-15T10:42:04+05:30","type":"req.done","uri":"/session/D0DA3799-D570-4438-8831-5ABE65EC20DC/wda/touch/perform"}
{"body_in":"{\"actions\":[{\"action\":\"tap\",\"options\":{\"x\":6.929370341822505,\"y\":55.64755243062973}}]}","level":"info","msg":"req start","time":"2021-01-15T10:42:05+05:30","type":"req.start","uri":"/session/D0DA3799-D570-4438-8831-5ABE65EC20DC/wda/touch/perform"}
{"body_out":"","level":"info","msg":"req done","time":"2021-01-15T10:42:05+05:30","type":"req.done","uri":"/session/D0DA3799-D570-4438-8831-5ABE65EC20DC/wda/touch/perform"}
