{"homebrew_version":"2.6.0-76-gcb38fe6","used_options":[],"unused_options":[],"built_as_bottle":true,"poured_from_bottle":true,"installed_as_dependency":true,"installed_on_request":false,"changed_files":["sbin/unbound-control-setup",".bottle/etc/unbound/unbound.conf","homebrew.mxcl.unbound.plist","lib/pkgconfig/libunbound.pc","share/man/man1/unbound-host.1","share/man/man5/unbound.conf.5","share/man/man8/unbound-anchor.8","share/man/man8/unbound-checkconf.8","share/man/man8/unbound-control-setup.8","share/man/man8/unbound-control.8","share/man/man8/unbound.8"],"time":1607930235,"source_modified_time":1606984284,"HEAD":null,"stdlib":null,"compiler":"clang","aliases":[],"runtime_dependencies":[{"full_name":"openssl@1.1","version":"1.1.1i"},{"full_name":"libevent","version":"2.1.12"},{"full_name":"c-ares","version":"1.17.1"},{"full_name":"jemalloc","version":"5.2.1"},{"full_name":"libev","version":"4.33"},{"full_name":"nghttp2","version":"1.42.0"}],"source":{"path":"/usr/local/Homebrew/Library/Taps/homebrew/homebrew-core/Formula/unbound.rb","tap":"homebrew/core","spec":"stable","versions":{"stable":"1.13.0","head":"HEAD","version_scheme":0}},"arch":"x86_64","built_on":{"os":"Macintosh","os_version":"macOS 11.0.1","cpu_family":"penryn","xcode":"12.2","clt":"12.2.0.0.1.1604076827"}}