{"homebrew_version":"2.5.10-18-ge945b1c","used_options":[],"unused_options":[],"built_as_bottle":true,"poured_from_bottle":true,"installed_as_dependency":false,"installed_on_request":true,"changed_files":["bin/libgcrypt-config","ChangeLog","lib/pkgconfig/libgcrypt.pc"],"time":1607930155,"source_modified_time":1603474061,"HEAD":null,"stdlib":null,"compiler":"clang","aliases":[],"runtime_dependencies":[{"full_name":"libgpg-error","version":"1.39"}],"source":{"path":"/usr/local/Homebrew/Library/Taps/homebrew/homebrew-core/Formula/libgcrypt.rb","tap":"homebrew/core","spec":"stable","versions":{"stable":"1.8.7","head":"","version_scheme":0}},"arch":"x86_64","built_on":{"os":"Macintosh","os_version":"macOS 11.0.1","cpu_family":"penryn","xcode":"12.2","clt":"12.2.0.0.1.1604076827"}}