{"homebrew_version":"2.5.10-18-ge945b1c","used_options":[],"unused_options":[],"built_as_bottle":true,"poured_from_bottle":true,"installed_as_dependency":true,"installed_on_request":false,"changed_files":["lib/pkgconfig/lcms2.pc"],"time":1607929998,"source_modified_time":1592327501,"HEAD":null,"stdlib":null,"compiler":"clang","aliases":["lcms2"],"runtime_dependencies":[{"full_name":"jpeg","version":"9d"},{"full_name":"libtiff","version":"4.1.0"}],"source":{"path":"/usr/local/Homebrew/Library/Taps/homebrew/homebrew-core/Formula/little-cms2.rb","tap":"homebrew/core","spec":"stable","versions":{"stable":"2.11","head":"","version_scheme":1}},"arch":"x86_64","built_on":{"os":"Macintosh","os_version":"macOS 11.0.1","cpu_family":"penryn","xcode":"12.2","clt":"12.2.0.0.1.1604076827"}}