{"homebrew_version":"2.5.10-18-ge945b1c","used_options":[],"unused_options":[],"built_as_bottle":true,"poured_from_bottle":true,"installed_as_dependency":true,"installed_on_request":false,"changed_files":["bin/autoconf","bin/autoheader","bin/autom4te","bin/autoreconf","bin/autoscan","bin/autoupdate","bin/ifnames","TODO","share/autoconf/INSTALL","share/autoconf/autoconf/fortran.m4","share/autoconf/autoconf/functions.m4","share/autoconf/autoconf/general.m4","share/autoconf/autoconf/libs.m4","share/autoconf/autom4te.cfg"],"time":1607930034,"source_modified_time":1335323187,"HEAD":null,"stdlib":null,"compiler":"clang","aliases":["autoconf@2.69"],"runtime_dependencies":[],"source":{"path":"/usr/local/Homebrew/Library/Taps/homebrew/homebrew-core/Formula/autoconf.rb","tap":"homebrew/core","spec":"stable","versions":{"stable":"2.69","head":"","version_scheme":0}},"arch":"x86_64","built_on":{"os":"Macintosh","os_version":"macOS 11.0.1","cpu_family":"penryn","xcode":"12.2","clt":"12.2.0.0.1.1604076827"}}