{"homebrew_version":"2.5.10-18-ge945b1c","used_options":[],"unused_options":[],"built_as_bottle":true,"poured_from_bottle":true,"installed_as_dependency":true,"installed_on_request":false,"changed_files":["ChangeLog","README","lib/pkgconfig/libwebp.pc","lib/pkgconfig/libwebpdecoder.pc","lib/pkgconfig/libwebpdemux.pc","lib/pkgconfig/libwebpmux.pc"],"time":1607929999,"source_modified_time":1577379591,"HEAD":null,"stdlib":null,"compiler":"clang","aliases":[],"runtime_dependencies":[{"full_name":"jpeg","version":"9d"},{"full_name":"libpng","version":"1.6.37"},{"full_name":"libtiff","version":"4.1.0"}],"source":{"path":"/usr/local/Homebrew/Library/Taps/homebrew/homebrew-core/Formula/webp.rb","tap":"homebrew/core","spec":"stable","versions":{"stable":"1.1.0","head":"HEAD","version_scheme":0}},"arch":"x86_64","built_on":{"os":"Macintosh","os_version":"macOS 11.0.1","cpu_family":"penryn","xcode":"12.2","clt":"12.2.0.0.1.1604076827"}}