{"homebrew_version":"2.5.10-18-ge945b1c","used_options":[],"unused_options":[],"built_as_bottle":true,"poured_from_bottle":true,"installed_as_dependency":false,"installed_on_request":true,"changed_files":["share/man/man1/pkg-config.1"],"time":1607930021,"source_modified_time":1490029698,"HEAD":null,"stdlib":null,"compiler":"clang","aliases":["pkgconfig"],"runtime_dependencies":[],"source":{"path":"/usr/local/Homebrew/Library/Taps/homebrew/homebrew-core/Formula/pkg-config.rb","tap":"homebrew/core","spec":"stable","versions":{"stable":"0.29.2","head":"","version_scheme":0}},"arch":"x86_64","built_on":{"os":"Macintosh","os_version":"macOS 11.0.1","cpu_family":"penryn","xcode":"12.2","clt":"12.2.0.0.1.1604076827"}}