{"homebrew_version":"2.5.10-18-ge945b1c","used_options":[],"unused_options":[],"built_as_bottle":true,"poured_from_bottle":true,"installed_as_dependency":true,"installed_on_request":false,"changed_files":["lib/pkgconfig/hogweed.pc","lib/pkgconfig/nettle.pc"],"time":1607930226,"source_modified_time":1588183904,"HEAD":null,"stdlib":null,"compiler":"clang","aliases":["libnettle"],"runtime_dependencies":[{"full_name":"gmp","version":"6.2.1"}],"source":{"path":"/usr/local/Homebrew/Library/Taps/homebrew/homebrew-core/Formula/nettle.rb","tap":"homebrew/core","spec":"stable","versions":{"stable":"3.6","head":"","version_scheme":0}},"arch":"x86_64","built_on":{"os":"Macintosh","os_version":"macOS 11.0.1","cpu_family":"penryn","xcode":"12.2","clt":"12.2.0.0.1.1604076827"}}