{"homebrew_version":"2.5.10-22-g023df12","used_options":[],"unused_options":[],"built_as_bottle":true,"poured_from_bottle":true,"installed_as_dependency":false,"installed_on_request":true,"changed_files":["lib/pkgconfig/libzmq.pc"],"time":1607930007,"source_modified_time":1599495890,"HEAD":null,"stdlib":"libcxx","compiler":"clang","aliases":["0mq","zmq"],"runtime_dependencies":[],"source":{"path":"/usr/local/Homebrew/Library/Taps/homebrew/homebrew-core/Formula/zeromq.rb","tap":"homebrew/core","spec":"stable","versions":{"stable":"4.3.3","head":"HEAD","version_scheme":0}},"arch":"x86_64","built_on":{"os":"Macintosh","os_version":"macOS 11.0.1","cpu_family":"penryn","xcode":"12.2","clt":"12.2.0.0.1.1604076827"}}