{"homebrew_version":"2.5.11-194-g9d795a7","used_options":[],"unused_options":[],"built_as_bottle":true,"poured_from_bottle":true,"installed_as_dependency":false,"installed_on_request":true,"changed_files":["lib/node_modules/npm/lib/utils/completion.sh","lib/node_modules/npm/node_modules/dashdash/etc/dashdash.bash_completion.in","include/node/common.gypi","include/node/config.gypi","lib/node_modules/npm/lib/config/defaults.js","lib/node_modules/npm/man/man1/npm-README.1","lib/node_modules/npm/man/man1/npm-completion.1","lib/node_modules/npm/man/man1/npm.1","lib/node_modules/npm/man/man5/folders.5","lib/node_modules/npm/man/man5/package-json.5","lib/node_modules/npm/man/man7/removal.7","lib/node_modules/npm/man/man7/scripts.7","lib/node_modules/npm/node_modules/global-dirs/index.js","lib/node_modules/npm/node_modules/libnpmconfig/index.js","lib/node_modules/npm/node_modules/node-gyp/gyp/pylib/gyp/generator/eclipse.py","lib/node_modules/npm/node_modules/node-gyp/gyp/pylib/gyp/generator/xcode.py","lib/node_modules/npm/node_modules/node-gyp/gyp/pylib/gyp/xcode_emulation.py","lib/node_modules/npm/node_modules/xdg-basedir/index.js","lib/node_modules/npm/node_modules/yargs-parser/index.js"],"time":1607930122,"source_modified_time":1606184832,"HEAD":null,"stdlib":null,"compiler":"clang","aliases":[],"runtime_dependencies":[{"full_name":"icu4c","version":"67.1"}],"source":{"path":"/usr/local/Homebrew/Library/Taps/homebrew/homebrew-core/Formula/node@12.rb","tap":"homebrew/core","spec":"stable","versions":{"stable":"12.20.0","head":"","version_scheme":0}},"arch":"x86_64","built_on":{"os":"Macintosh","os_version":"macOS 11.0.1","cpu_family":"penryn","xcode":"12.2","clt":"12.2.0.0.1.1604076827"}}