{"homebrew_version":"2.5.11-6-g9f45814","used_options":[],"unused_options":[],"built_as_bottle":true,"poured_from_bottle":true,"installed_as_dependency":false,"installed_on_request":true,"changed_files":["lib/pkgconfig/libjpeg.pc","lib/pkgconfig/libturbojpeg.pc"],"time":1607930139,"source_modified_time":1605569886,"HEAD":null,"stdlib":null,"compiler":"clang","aliases":["libjpeg-turbo"],"runtime_dependencies":[],"source":{"path":"/usr/local/Homebrew/Library/Taps/homebrew/homebrew-core/Formula/jpeg-turbo.rb","tap":"homebrew/core","spec":"stable","versions":{"stable":"2.0.6","head":"HEAD","version_scheme":0}},"arch":"x86_64","built_on":{"os":"Macintosh","os_version":"macOS 11.0.1","cpu_family":"penryn","xcode":"12.2","clt":"12.2.0.0.1.1604076827"}}