{"homebrew_version":"2.6.1","used_options":[],"unused_options":[],"built_as_bottle":false,"poured_from_bottle":false,"installed_as_dependency":false,"installed_on_request":true,"changed_files":null,"time":1607930635,"source_modified_time":1606449918,"HEAD":"2c77a540b522c2eee74af0745851167412adb83b","stdlib":null,"compiler":"clang","aliases":["usb-multiplex-daemon"],"runtime_dependencies":[{"full_name":"libplist","version":"2.2.0"},{"full_name":"libusb","version":"1.0.24"}],"source":{"path":"/usr/local/Homebrew/Library/Taps/homebrew/homebrew-core/Formula/libusbmuxd.rb","tap":"homebrew/core","spec":"head","versions":{"stable":"2.0.2","head":"HEAD-c56e112","version_scheme":0}},"arch":"x86_64","built_on":{"os":"Macintosh","os_version":"macOS 11.1","cpu_family":"haswell","xcode":"12.2","clt":null}}