{"homebrew_version":"2.1.13-45-g70f232a","used_options":[],"unused_options":[],"built_as_bottle":true,"poured_from_bottle":true,"installed_as_dependency":false,"installed_on_request":true,"changed_files":["INSTALL_RECEIPT.json","lib/pkgconfig/libczmq.pc"],"time":1607930133,"source_modified_time":1549821139,"HEAD":null,"stdlib":null,"compiler":"clang","aliases":[],"runtime_dependencies":[{"full_name":"zeromq","version":"4.3.3"}],"source":{"path":"/usr/local/Homebrew/Library/Taps/homebrew/homebrew-core/Formula/czmq.rb","tap":"homebrew/core","spec":"stable","versions":{"stable":"4.2.0","devel":"","head":"HEAD","version_scheme":0}},"arch":"x86_64","built_on":null}