{"homebrew_version":"2.6.0-104-g24f7898","used_options":[],"unused_options":[],"built_as_bottle":true,"poured_from_bottle":true,"installed_as_dependency":false,"installed_on_request":true,"changed_files":["lib/pkgconfig/protobuf-lite.pc","lib/pkgconfig/protobuf.pc","lib/python3.9/site-packages/homebrew-protobuf.pth"],"time":1607930012,"source_modified_time":1605308423,"HEAD":null,"stdlib":"libcxx","compiler":"clang","aliases":["protobuf@3.14"],"runtime_dependencies":[],"source":{"path":"/usr/local/Homebrew/Library/Taps/homebrew/homebrew-core/Formula/protobuf.rb","tap":"homebrew/core","spec":"stable","versions":{"stable":"3.14.0","head":"HEAD","version_scheme":0}},"arch":"x86_64","built_on":{"os":"Macintosh","os_version":"macOS 11.0.1","cpu_family":"penryn","xcode":"12.2","clt":"12.2.0.0.1.1604076827"}}