{"homebrew_version":"2.6.0-157-g3fc8c70","used_options":[],"unused_options":[],"built_as_bottle":true,"poured_from_bottle":true,"installed_as_dependency":true,"installed_on_request":false,"changed_files":["lib/pkgconfig/jasper.pc"],"time":1607929994,"source_modified_time":1607413305,"HEAD":null,"stdlib":null,"compiler":"clang","aliases":[],"runtime_dependencies":[{"full_name":"jpeg","version":"9d"}],"source":{"path":"/usr/local/Homebrew/Library/Taps/homebrew/homebrew-core/Formula/jasper.rb","tap":"homebrew/core","spec":"stable","versions":{"stable":"2.0.23","head":"","version_scheme":0}},"arch":"x86_64","built_on":{"os":"Macintosh","os_version":"macOS 11.0.1","cpu_family":"penryn","xcode":"12.2","clt":"12.2.0.0.1.1604076827"}}