{"homebrew_version":"2.5.11-155-g69074ea","used_options":[],"unused_options":[],"built_as_bottle":true,"poured_from_bottle":true,"installed_as_dependency":false,"installed_on_request":true,"changed_files":["bin/aclocal","bin/aclocal-1.16","bin/automake","bin/automake-1.16","ChangeLog","NEWS","share/aclocal/dirlist","share/automake-1.16/Automake/Config.pm","share/automake-1.16/INSTALL","share/automake-1.16/texinfo.tex"],"time":1607930036,"source_modified_time":1605758966,"HEAD":null,"stdlib":null,"compiler":"clang","aliases":[],"runtime_dependencies":[{"full_name":"autoconf","version":"2.69"}],"source":{"path":"/usr/local/Homebrew/Library/Taps/homebrew/homebrew-core/Formula/automake.rb","tap":"homebrew/core","spec":"stable","versions":{"stable":"1.16.3","head":"","version_scheme":0}},"arch":"x86_64","built_on":{"os":"Macintosh","os_version":"macOS 11.0.1","cpu_family":"penryn","xcode":"12.2","clt":"12.2.0.0.1.1604076827"}}