{"homebrew_version":"2.5.10-18-ge945b1c","used_options":[],"unused_options":[],"built_as_bottle":true,"poured_from_bottle":true,"installed_as_dependency":true,"installed_on_request":false,"changed_files":["bin/autopoint","bin/gettextize","lib/gettext/user-email","share/doc/gettext/examples/hello-c++-kde/autogen.sh","share/aclocal/lib-link.m4","share/aclocal/lib-prefix.m4","share/doc/gettext/examples/hello-c++-kde/admin/acinclude.m4.in","share/doc/gettext/examples/hello-c++-kde/admin/libtool.m4.in","share/doc/gettext/examples/hello-c++-qt/m4/qt.m4","share/doc/gettext/examples/installpaths","share/man/man1/gettext.1","share/man/man1/ngettext.1"],"time":1607930056,"source_modified_time":1595806374,"HEAD":null,"stdlib":"libcxx","compiler":"clang","aliases":[],"runtime_dependencies":[],"source":{"path":"/usr/local/Homebrew/Library/Taps/homebrew/homebrew-core/Formula/gettext.rb","tap":"homebrew/core","spec":"stable","versions":{"stable":"0.21","head":"","version_scheme":0}},"arch":"x86_64","built_on":{"os":"Macintosh","os_version":"macOS 11.0.1","cpu_family":"penryn","xcode":"12.2","clt":"12.2.0.0.1.1604076827"}}