{"homebrew_version":"2.5.10-33-g82e1b27","used_options":[],"unused_options":[],"built_as_bottle":true,"poured_from_bottle":true,"installed_as_dependency":true,"installed_on_request":false,"changed_files":["ChangeLog","lib/pkgconfig/libtiff-4.pc","share/doc/tiff-4.1.0/ChangeLog"],"time":1607929995,"source_modified_time":1572811917,"HEAD":null,"stdlib":"libcxx","compiler":"clang","aliases":[],"runtime_dependencies":[{"full_name":"jpeg","version":"9d"}],"source":{"path":"/usr/local/Homebrew/Library/Taps/homebrew/homebrew-core/Formula/libtiff.rb","tap":"homebrew/core","spec":"stable","versions":{"stable":"4.1.0","head":"","version_scheme":0}},"arch":"x86_64","built_on":{"os":"Macintosh","os_version":"macOS 11.0.1","cpu_family":"penryn","xcode":"12.2","clt":"12.2.0.0.1.1604076827"}}