{"homebrew_version":"2.6.0-157-g3fc8c70","used_options":[],"unused_options":[],"built_as_bottle":true,"poured_from_bottle":true,"installed_as_dependency":true,"installed_on_request":false,"changed_files":["lib/pkgconfig/readline.pc","share/doc/readline/INSTALL","share/readline/rl-fgets.c"],"time":1607930221,"source_modified_time":1605728412,"HEAD":null,"stdlib":null,"compiler":"clang","aliases":[],"runtime_dependencies":[],"source":{"path":"/usr/local/Homebrew/Library/Taps/homebrew/homebrew-core/Formula/readline.rb","tap":"homebrew/core","spec":"stable","versions":{"stable":"8.1","head":"","version_scheme":0}},"arch":"x86_64","built_on":{"os":"Macintosh","os_version":"macOS 11.0.1","cpu_family":"penryn","xcode":"12.2","clt":"12.2.0.0.1.1604076827"}}